store_id,store_name,category,sub category,product,STOCK
n1g,N1G,Procesadores,POCESADORES INTEL,https://n1g.cl/Home/computacion/1567-intel-celeron-g4930-coffee-lake-dual-cor-32-ghz-lga-1151-300-series-54w-bx80684g4930-desktop-processor-intel-uhd-graphics-610.html,IN STOCK
n1g,N1G,Procesadores,POCESADORES INTEL,https://n1g.cl/Home/computacion/2726-intel-core-i3-12100f-43-ghz-4-cores-8-threads-12-mb-cache-lga1700-socket-box.html,IN STOCK
n1g,N1G,Procesadores,POCESADORES INTEL,https://n1g.cl/Home/computacion/1524-intel-core-i5-12400f-core-i5-12th-gen-alder-lake-6-core-25-ghz-lga-1700-65w-desktop-bx8071512400f.html,IN STOCK
n1g,N1G,Procesadores,POCESADORES INTEL,https://n1g.cl/Home/computacion/3205-intel-core-ultra-5-225-lga-1851-10-core-6p4e-65w-arrow-lake-intel-graphics-processor-bx80768225.html,IN STOCK
n1g,N1G,Procesadores,POCESADORES INTEL,https://n1g.cl/Home/computacion/3019-intel-core-ultra-5-245k-14-core-6p8e-lga-1851-125w-series-2-arrow-lake-desktop-processor-bx80768245k.html,IN STOCK
n1g,N1G,Procesadores,POCESADORES INTEL,https://n1g.cl/Home/computacion/3394-intel-core-i9-14900ks-62-ghz-24-core-8p16e-pcore-32-ghz-e-core-24-ghz-lga-1700-150w-.html,IN STOCK
n1g,N1G,Procesadores,POCESADORES INTEL,https://n1g.cl/Home/computacion/3393-intel-core-i9-14900-14th-gen-24-core-8p16e-lga-1700-65w-graphics-770-processor-bx8071514900.html,IN STOCK
n1g,N1G,Procesadores,POCESADORES INTEL,https://n1g.cl/Home/computacion/2810-intel-core-i9-10940x-lga-2066-cascade-lake-28-hilos-14-core-33-ghz-165w-workstation-processor-oem.html,IN STOCK
n1g,N1G,Procesadores,POCESADORES INTEL,https://n1g.cl/Home/computacion/2532-intel-core-i9-14900k-14th-gen-24-core-8p16e-lga-1700-125w-intel-uhd-graphics-770-bx8071514900k.html,IN STOCK
n1g,N1G,Procesadores,POCESADORES INTEL,https://n1g.cl/Home/computacion/1531-intel-core-i9-12900k-12th-gen-alder-lake-16-core-8p8e-32-ghz-lga-1700-125w-intel-uhd-graphics-770-bx8071512900k.html,IN STOCK
n1g,N1G,Procesadores,POCESADORES INTEL,https://n1g.cl/Home/computacion/2916-intel-core-i9-12900kf-16-core-up-to-52ghz-12gen-alder-lake-lga-1700-125w-bx8071512900kf.html,IN STOCK
n1g,N1G,Procesadores,POCESADORES INTEL,https://n1g.cl/Home/computacion/3020-intel-core-ultra-7-265k-20-core-8p12e-lga-1851-125w-desktop-processor-arrow-lake-bx80768265k.html,IN STOCK
n1g,N1G,Procesadores,POCESADORES INTEL,https://n1g.cl/Home/computacion/1160-intel-core-i5-11600-lga-1200-48-ghz-turbo-6-nucleos12-thead-rocket-lake-s.html,OUT STOCK
n1g,N1G,Procesadores,POCESADORES INTEL,https://n1g.cl/Home/computacion/2537-intel-core-i5-14600k-14th-gen-14-core-6p8e-lga-1700-125w-intel-uhd-box-bx8071514600k.html,OUT STOCK
n1g,N1G,Procesadores,POCESADORES INTEL,https://n1g.cl/Home/computacion/1578-procesador-intel-core-i7-12700kf-12gen-36ghz-hasta-5ghz-socket-lga1700-sin-graficas.html,OUT STOCK
n1g,N1G,Procesadores,POCESADORES INTEL,https://n1g.cl/Home/computacion/1535--intel-core-i7-12700k-core-i7-12th-gen-alder-lake-12-core-8p4e-36-ghz-lga-1700-125w.html,OUT STOCK
n1g,N1G,Procesadores,POCESADORES INTEL,https://n1g.cl/Home/computacion/2535-intel-core-i7-14700k-14th-gen-20-core-8p12e-lga-1700-125w-intel-uhd-graphics-770-bx8071514700k.html,OUT STOCK
n1g,N1G,Procesadores,POCESADORES INTEL,https://n1g.cl/Home/computacion/1994-intel-core-i9-13900k-13th-gen-raptor-lake-24-core-8p16e-lga-1700-125w-intel-uhd-graphics-770-bx8071513900k.html,OUT STOCK
n1g,N1G,Procesadores,POCESADORES INTEL,https://n1g.cl/Home/computacion/3536-intel-core-ultra-9-285k-core-ultra-9-series-2-arrow-lake-24-core-8p16e-lga-1851-125w-bx80768285k.html,OUT STOCK
n1g,N1G,Procesadores,PROCESADORES AMD,https://n1g.cl/Home/computacion/616-amd-athlon-3000g-35ghz-dual-core-unlocked-am4-procesador-con-graficos-vega-3-.html,IN STOCK
n1g,N1G,Procesadores,PROCESADORES AMD,https://n1g.cl/Home/computacion/658-procesador-amd-ryzen-5-3400g-4-core-37-ghz-42-ghz-max-boost-socket-am4-65w.html,IN STOCK
n1g,N1G,Procesadores,PROCESADORES AMD,https://n1g.cl/Home/computacion/2374-amd-ryzen-3-4100-ryzen-3-4000-series-quad-core-socket-am4-65w-none-integrated-graphics-desktop-processor-100-100000510box.html,IN STOCK
n1g,N1G,Procesadores,PROCESADORES AMD,https://n1g.cl/Home/computacion/1876-amd-ryzen-5-4500-oem-6-core-12-hilos-socket-am4-65w-desktop-processor-.html,IN STOCK
n1g,N1G,Procesadores,PROCESADORES AMD,https://n1g.cl/Home/computacion/3232-amd-ryzen-3-5300g-am4-8-hilos-up4200-mhz-4-core-100-100000253box.html,IN STOCK
n1g,N1G,Procesadores,PROCESADORES AMD,https://n1g.cl/Home/computacion/1807-procesador-amd-ryzen-5-5500-42ghz-turbo-6core12thread-am4-box-100-100000457box.html,IN STOCK
n1g,N1G,Procesadores,PROCESADORES AMD,https://n1g.cl/Home/computacion/3729-amd-ryzen-5-1600x-40-ghz-6-core-12-hilos-no-incluye-disipador-yd160xbcaewof-.html,IN STOCK
n1g,N1G,Procesadores,PROCESADORES AMD,https://n1g.cl/Home/computacion/2617-amd-ryzen-5-5600gt-socket-am4-6-core-12-hilos-36-ghz-65w-con-graficos-100-100001488box.html,IN STOCK
n1g,N1G,Procesadores,PROCESADORES AMD,https://n1g.cl/Home/computacion/2613-amd-ryzen-5-8500g-6-nucleos-y-12-hilos-socket-am5-procesador-de-escritorio-.html,IN STOCK
n1g,N1G,Procesadores,PROCESADORES AMD,https://n1g.cl/Home/computacion/3781-amd-ryzen-5-5600xt-socket-am4-6-nucleos12-hilos-47ghz-incluye-wraith-cooler.html,IN STOCK
n1g,N1G,Procesadores,PROCESADORES AMD,https://n1g.cl/Home/computacion/2620-amd-ryzen-5-8600g-socket-am5-6-core-12-hilos-43-ghz-65w-amd-radeon-760m-100-100001237box.html,IN STOCK
n1g,N1G,Procesadores,PROCESADORES AMD,https://n1g.cl/Home/computacion/2922-amd-ryzen-5-8400f-42-ghz-6-core-12-threads-socket-am5-65w-processor-100-100001591box.html,IN STOCK
n1g,N1G,Procesadores,PROCESADORES AMD,https://n1g.cl/Home/computacion/1672-amd-ryzen-7-5700x-ryzen-7-5000-series-8-core-socket-am4-65w-desktop-processor-100-100000926wof.html,IN STOCK
n1g,N1G,Procesadores,PROCESADORES AMD,https://n1g.cl/Home/computacion/2614-amd-ryzen-5-7600-socket-am5-6-core-12-hilos-38-ghz-65w-procesador-de-escritorio-100-100001015box.html,IN STOCK
n1g,N1G,Procesadores,PROCESADORES AMD,https://n1g.cl/Home/computacion/2786-amd-ryzen-5-9600x-up-to-54-ghz-6-core-socket-am5-65w-radeon-sin-cooler-100-100001405wof.html,IN STOCK
n1g,N1G,Procesadores,PROCESADORES AMD,https://n1g.cl/Home/computacion/3403-amd-ryzen-5-9600-am5-38ghz-6core12hilos-tdp-65w-am5-incluye-disipador.html,IN STOCK
n1g,N1G,Procesadores,PROCESADORES AMD,https://n1g.cl/Home/computacion/2963-amd-ryzen-7-8700f-41ghz-8-core-16-hilos-socket-am5-65w-sin-graficos-processor-100-100001590box.html,IN STOCK
n1g,N1G,Procesadores,PROCESADORES AMD,https://n1g.cl/Home/computacion/2621-amd-ryzen-7-8700g-socket-am5-8-core-16-hilos-42-ghz-65w-amd-radeon-780m-100-100001236box.html,IN STOCK
n1g,N1G,Procesadores,PROCESADORES AMD,https://n1g.cl/Home/computacion/1928-amd-ryzen-7-7700x-socket-am5-8-core-16-hilos-max-54ghz-video-int.html,IN STOCK
n1g,N1G,Procesadores,PROCESADORES AMD,https://n1g.cl/Home/computacion/2692-amd-ryzen-7-7700-16-hilos-8-core-38-ghz-socket-am5-65w-amd-radeon-graphics-processor-100-100000592box.html,IN STOCK
n1g,N1G,Procesadores,PROCESADORES AMD,https://n1g.cl/Home/computacion/2787-amd-ryzen-7-9700x-up-to-55-ghz-8-core-socket-am5-65w-radeon-sin-cooler-.html,IN STOCK
n1g,N1G,Procesadores,PROCESADORES AMD,https://n1g.cl/Home/computacion/2274-amd-ryzen-9-7800x3d-8-core-42-ghz-7000-series-am5-120w-amd-radeon-graphics-desktop-100-100000910wof.html,IN STOCK
n1g,N1G,Procesadores,PROCESADORES AMD,https://n1g.cl/Home/computacion/2962-amd-ryzen-9-9900x-12-core-24-hilos-44-ghz-socket-am5-120w-granite-ridge-zen-5-radeon-graficos-100-100000662wof.html,IN STOCK
n1g,N1G,Procesadores,PROCESADORES AMD,https://n1g.cl/Home/computacion/3666-amd-ryzen-threadripper-pro-9955wx-serie-wx-shimada-16-nucleos-45-ghz-str5-350-w-100-100000725wof.html,IN STOCK
n1g,N1G,Procesadores,PROCESADORES AMD,https://n1g.cl/Home/computacion/3579-amd-ryzen-threadripper-9960x-24-nucleos-42-ghz-socket-str5-350w-sin-procesador-grafico-integrado-100-000001595wof.html,IN STOCK
n1g,N1G,Procesadores,PROCESADORES AMD,https://n1g.cl/Home/computacion/3578-amd-ryzen-threadripper-9970x-32-core-40-ghz-socket-str5-350w-100-000001594wof.html,IN STOCK
n1g,N1G,Procesadores,PROCESADORES AMD,https://n1g.cl/Home/computacion/3667-amd-ryzen-threadripper-pro-9965wx-serie-wx-shimada-de-24-nucleos-42-ghz-socket-str5-350-w-100-100000724wof.html,IN STOCK
n1g,N1G,Procesadores,PROCESADORES AMD,https://n1g.cl/Home/computacion/3668-amd-ryzen-threadripper-pro-9975wx-serie-wx-shimada-32-nucleos-40-ghz-socket-str5-350-w-100-100000723wof.html,IN STOCK
n1g,N1G,Procesadores,PROCESADORES AMD,https://n1g.cl/Home/computacion/3577-amd-ryzen-threadripper-9980x-128-hilos-64-core-32-ghz-socket-str5-350w-100-000001593wof.html,IN STOCK
n1g,N1G,Procesadores,PROCESADORES AMD,https://n1g.cl/Home/computacion/2795-amd-ryzen-threadripper-pro-7995wx-350w-sp6-zen-4-96-core192-.html,IN STOCK
n1g,N1G,Procesadores,PROCESADORES AMD,https://n1g.cl/Home/computacion/272-procesador-amd-ryzen-3-3200g-4-core-36-ghz-40-ghz-max-boost-socket-am4-65w-graficos-on-cpu-radeon-vega-8.html,OUT STOCK
n1g,N1G,Procesadores,PROCESADORES AMD,https://n1g.cl/Home/computacion/3566-amd-ryzen-5-5600t-ryzen-5-5000-series-vermeer-zen-3-6-core-35-ghz-socket-am4-65w-100-100001584box.html,OUT STOCK
n1g,N1G,Procesadores,PROCESADORES AMD,https://n1g.cl/Home/computacion/2618-amd-ryzen-7-5700-8-core-16-hilos-37-ghz-socket-am4-65w-no-graphics-100-100000743box.html,OUT STOCK
n1g,N1G,Procesadores,PROCESADORES AMD,https://n1g.cl/Home/computacion/1311-amd-ryzen-7-5700g-radeon-vega-8-core-38ghz-max-boost-46ghz-socket-am4-graphics.html,OUT STOCK
n1g,N1G,Procesadores,PROCESADORES AMD,https://n1g.cl/Home/computacion/1927-amd-ryzen-5-7600x-socket-am5-6-core-12-hilos-max-53ghz-.html,OUT STOCK
n1g,N1G,Procesadores,PROCESADORES AMD,https://n1g.cl/Home/computacion/3343-amd-ryzen-5-5500x3d-42ghz-turbo-6core12thread-am4-100-100001504wof.html,OUT STOCK
n1g,N1G,Procesadores,PROCESADORES AMD,https://n1g.cl/Home/computacion/1929-amd-ryzen-9-7900x-socket-am5-12-core-24-hilos-max-54ghz-video-int.html,OUT STOCK
n1g,N1G,Procesadores,PROCESADORES AMD,https://n1g.cl/Home/computacion/3005-amd-ryzen-7-9800x3d-socket-am5-zen5-8-core-52-ghz-120w-no-incluye-cooler-100-100001084wof.html,OUT STOCK
n1g,N1G,Procesadores,PROCESADORES AMD,https://n1g.cl/Home/computacion/3181-amd-ryzen-9-9950x3d-16-core-43-ghz-socket-am5-170w-amd-radeon-graphics-processor-100-100000719wof.html,OUT STOCK
n1g,N1G,Procesadores,PROCESADORES AMD,https://n1g.cl/Home/computacion/2591-amd-ryzen-threadripper-pro-7975wx-350w-sp6-64-hilos-32-core-100-100000453wof.html,OUT STOCK
centrale,Centrale,Procesadores,PROCESADORES AMD,https://centrale.cl/producto/procesador-amd-ryzen-5-7600-socket-am5-6-cores-12-hilos-3-8-5-1ghz/,IN STOCK
centrale,Centrale,Procesadores,PROCESADORES AMD,https://centrale.cl/producto/procesador-amd-ryzen-7-5700x-3-4ghz-8-core-16-threads/,IN STOCK
centrale,Centrale,Procesadores,PROCESADORES AMD,https://centrale.cl/producto/procesador-amd-ryzen-7-7800x3d-4-2-a-5-0ghz-8-nucleos-16-hilos/,IN STOCK
centrale,Centrale,Procesadores,PROCESADORES AMD,https://centrale.cl/producto/procesador-amd-ryzen-7-7700x-4-5ghz-8-nucleos-16-hilos-socket-am5-sin/,IN STOCK
centrale,Centrale,Procesadores,PROCESADORES AMD,https://centrale.cl/producto/procesador-amd-ryzen-7-9800x3d-8-nucleos-16-hilos-47-a-52-ghz-amd-3d-v-cache/,IN STOCK
centrale,Centrale,Procesadores,PROCESADORES AMD,https://centrale.cl/producto/procesador-amd-ryzen-7-5700g-4-60ghz-graficos-integrados/,IN STOCK
centrale,Centrale,Procesadores,PROCESADORES AMD,https://centrale.cl/producto/procesador-amd-ryzen-7-9700x-8-cores-16-threads-3-8-a-5-5-ghz-65w/,IN STOCK
centrale,Centrale,Procesadores,PROCESADORES AMD,https://centrale.cl/producto/procesador-amd-ryzen-5-8600g-npu-ryzen-ai-4-3-a-5-0ghz-6-nucleos-12-hilos/,IN STOCK
centrale,Centrale,Procesadores,PROCESADORES AMD,https://centrale.cl/producto/procesador-amd-ryzen-5-5600gt-3-6ghz-a-4-2ghz-6-nucleos-12-hilos-socket-am4/,IN STOCK
centrale,Centrale,Procesadores,PROCESADORES AMD,https://centrale.cl/producto/procesador-amd-ryzen-9-9950x-16-cores-32-threads-4-3-a-5-7-ghz-170w/,IN STOCK
centrale,Centrale,Procesadores,PROCESADORES AMD,https://centrale.cl/producto/procesador-amd-ryzen-5-8500g-3-5-a-5-00ghz-6-nucleos-12-hilos-socket-am5/,IN STOCK
centrale,Centrale,Procesadores,PROCESADORES AMD,https://centrale.cl/producto/procesador-amd-ryzen-5-9600x-6-cores-12-threads-3-9-a-5-4ghz-65w/,IN STOCK
centrale,Centrale,Procesadores,PROCESADORES AMD,https://centrale.cl/producto/procesador-amd-ryzen-9-7950x-4-5ghz-16-nucleos-32-hilos-socket-am5/,IN STOCK
centrale,Centrale,Procesadores,PROCESADORES AMD,https://centrale.cl/producto/procesador-amd-ryzen-7-9850x3d-8-core-16-threads-4-7-5-6ghz-120w/,IN STOCK
centrale,Centrale,Procesadores,PROCESADORES AMD,https://centrale.cl/producto/procesador-amd-ryzen-9-7900x-4-7ghz-12-nucleos-24-hilos-socket-am5/,IN STOCK
centrale,Centrale,Procesadores,PROCESADORES AMD,https://centrale.cl/producto/procesador-amd-ryzen-5-5500-3-6ghz-4-2ghz-turbo-6core-12thread-socket-am4/,IN STOCK
centrale,Centrale,Procesadores,PROCESADORES AMD,https://centrale.cl/producto/procesador-amd-ryzen-7-5700-8-nucleos-3-7-a-4-6ghz-am4/,IN STOCK
centrale,Centrale,Procesadores,PROCESADORES AMD,https://centrale.cl/producto/procesador-amd-ryzen-7-8700g-npu-ryzen-ai-4-2ghz-a-5-10ghz-8-nucleos-16-hilos/,IN STOCK
centrale,Centrale,Procesadores,PROCESADORES AMD,https://centrale.cl/producto/procesador-amd-ryzen-5-8400f-6-cores-12threads-4-2-a-4-7ghz-65w/,IN STOCK
centrale,Centrale,Procesadores,PROCESADORES AMD,https://centrale.cl/producto/procesador-amd-ryzen-7-7700-socket-am5-8-cores-16-hilos-3-8-5-3ghz/,IN STOCK
centrale,Centrale,Procesadores,PROCESADORES AMD,https://centrale.cl/producto/procesador-amd-ryzen-5-7600x-4-7ghz-6-nucleos-12-hilos-socket-am5/,IN STOCK
centrale,Centrale,Procesadores,PROCESADORES AMD,https://centrale.cl/producto/procesador-amd-ryzen-5-7600x-4-7ghz-6-nucleos-12-hilos-socket-am5/,IN STOCK
centrale,Centrale,Procesadores,PROCESADORES AMD,https://centrale.cl/producto/procesador-amd-ryzen-threadripper-9960x-24-cores-48-threads-4-2-5-4ghz/,IN STOCK
centrale,Centrale,Procesadores,PROCESADORES AMD,https://centrale.cl/producto/procesador-amd-ryzen-9-9900x3d-12-cores-24tthreads-4-4ghz-am5-zen-5/,IN STOCK
centrale,Centrale,Procesadores,PROCESADORES AMD,https://centrale.cl/producto/procesador-amd-ryzen-9-9900x-12-cores-24-threads-4-4-ghz-a-5-6-ghz-120w/,IN STOCK
centrale,Centrale,Procesadores,PROCESADORES AMD,https://centrale.cl/producto/procesador-amd-ryzen-threadripper-7960x-24-nucleos-48-hilos-4-2ghz-a-5-3ghz/,IN STOCK
centrale,Centrale,Procesadores,PROCESADORES AMD,https://centrale.cl/producto/procesador-amd-ryzen-threadripper-pro-9995wx-96-cores-192-threads-2-5-5-4ghz/,IN STOCK
centrale,Centrale,Procesadores,PROCESADORES AMD,https://centrale.cl/producto/procesador-amd-ryzen-7-8700f-socket-am5-8-cores-16-threads-4-1-a-5-0ghz-65w/,IN STOCK
centrale,Centrale,Procesadores,PROCESADORES AMD,https://centrale.cl/producto/procesador-amd-ryzen-threadripper-pro-9975wx-4-0-a-5-4ghz-32-nucleos-64-hilos/,IN STOCK
centrale,Centrale,Procesadores,PROCESADORES AMD,https://centrale.cl/producto/procesador-amd-ryzen-threadripper-7970x-32-nucleos-64-hilos-socket-str5/,IN STOCK
centrale,Centrale,Procesadores,PROCESADORES AMD,https://centrale.cl/producto/procesador-amd-ryzen-threadripper-9980x-64-cores-128-threads-3-2-5-4ghz/,IN STOCK
centrale,Centrale,Procesadores,PROCESADORES INTEL,https://centrale.cl/producto/procesador-intel-core-i5-14600kf-raptor-lake-s-lga1700-14-cores-20-hilos/,IN STOCK
centrale,Centrale,Procesadores,PROCESADORES INTEL,https://centrale.cl/producto/procesador-intel-core-i7-14700kf-raptor-lake-s-lga1700-20-cores-28-hilos/,IN STOCK
centrale,Centrale,Procesadores,PROCESADORES INTEL,https://centrale.cl/producto/procesador-intel-core-i5-12400f-2-5ghz-18mb-6-cores-lga-1700/,IN STOCK
centrale,Centrale,Procesadores,PROCESADORES INTEL,https://centrale.cl/producto/procesador-intel-core-i7-14700k-raptor-lake-s-lga1700-20-cores-28-hilos/,IN STOCK
centrale,Centrale,Procesadores,PROCESADORES INTEL,https://centrale.cl/producto/procesador-intel-core-i9-14900kf-raptor-lake-s-lga1700-sin-graficos/,IN STOCK
centrale,Centrale,Procesadores,PROCESADORES INTEL,https://centrale.cl/producto/procesador-intel-core-i5-14400f-raptor-lake-lga1700-2-5-4-7-ghz-10-nucleos/,IN STOCK
centrale,Centrale,Procesadores,PROCESADORES INTEL,https://centrale.cl/producto/procesador-intel-core-i7-12700f-2-1-ghz-12-core-lga-1700/,IN STOCK
centrale,Centrale,Procesadores,PROCESADORES INTEL,https://centrale.cl/producto/procesador-intel-core-ultra-7-265kf-lga-1851-20-nucleos-3-9-5-5ghz/,IN STOCK
centrale,Centrale,Procesadores,PROCESADORES INTEL,https://centrale.cl/producto/procesador-intel-core-i7-12700k-3-6-ghz-8-core-lga-1700/,IN STOCK
centrale,Centrale,Procesadores,PROCESADORES INTEL,https://centrale.cl/producto/procesador-intel-core-i7-12700kf-3-6ghz-lga-1700/,IN STOCK
centrale,Centrale,Procesadores,PROCESADORES INTEL,https://centrale.cl/producto/procesador-intel-core-ultra-7-265k-20-nucleos-3-9ghz-a-5-5ghz-lga-1851/,IN STOCK
centrale,Centrale,Procesadores,PROCESADORES INTEL,https://centrale.cl/producto/procesador-intel-core-i5-12400-2-5ghz-18mb-6-cores-lga-1700/,IN STOCK
centrale,Centrale,Procesadores,PROCESADORES INTEL,https://centrale.cl/producto/procesador-intel-core-ultra-5-245kf-14-nucleos-4-2-ghz-lga-1851-sin-graficos/,IN STOCK
centrale,Centrale,Procesadores,PROCESADORES INTEL,https://centrale.cl/producto/procesador-intel-core-i7-14700-lga1700-2-1ghz-a-5-4-ghz-20-nucleos-28-hilos/,IN STOCK
centrale,Centrale,Procesadores,PROCESADORES INTEL,https://centrale.cl/producto/procesador-intel-core-i5-12600k-3-7-ghz-10-core-lga1700/,IN STOCK
centrale,Centrale,Procesadores,PROCESADORES INTEL,https://centrale.cl/producto/procesador-intel-core-ultra-5-225-6p-cores-4e-cores-4-9-ghz-lga1851/,IN STOCK
centrale,Centrale,Procesadores,PROCESADORES INTEL,https://centrale.cl/producto/procesador-intel-core-i7-12700-3-6ghz-12-core-20-hilos-lga-1700/,IN STOCK
centrale,Centrale,Procesadores,PROCESADORES INTEL,https://centrale.cl/producto/procesador-intel-core-ultra-5-225f-arrow-lake-6-p-cores-4-e-cores-lga-1851/,IN STOCK
centrale,Centrale,Procesadores,PROCESADORES INTEL,https://centrale.cl/producto/procesador-intel-core-ultra-9-285k-socket-lga1851-24-nucleos-37-57ghz-36-tops/,IN STOCK
centrale,Centrale,Procesadores,PROCESADORES INTEL,https://centrale.cl/producto/procesador-intel-core-i9-12900-alder-lake-lga1700-16-cores-24-hilos/,IN STOCK
centrale,Centrale,Procesadores,PROCESADORES INTEL,https://centrale.cl/producto/procesador-intel-core-i9-14900k-raptor-lake-s-lga1700-uhd-graphics/,IN STOCK
centrale,Centrale,Procesadores,PROCESADORES INTEL,https://centrale.cl/producto/procesador-intel-core-ultra-7-265f-hasta-5-3ghz-30mb-cache-20-core-s1851-p-n/,IN STOCK
centrale,Centrale,Procesadores,PROCESADORES INTEL,https://centrale.cl/producto/procesador-intel-core-i9-12900kf-core-3-2ghz-30mb-lga1700/,IN STOCK
centrale,Centrale,Procesadores,PROCESADORES INTEL,https://centrale.cl/producto/procesador-intel-core-i9-14900-24-core-3-2-5-8ghz-lga1700-36mb-cache/,IN STOCK
centrale,Centrale,Procesadores,PROCESADORES INTEL,https://centrale.cl/producto/procesador-intel-core-ultra-7-265-hasta-5-3ghz-30mb-cache-20-core-s1851-p-n/,IN STOCK
centrale,Centrale,Procesadores,PROCESADORES INTEL,https://centrale.cl/producto/procesador-intel-core-i9-12900k-core-3-2ghz-30mb-lga1700/,IN STOCK
centrale,Centrale,Procesadores,PROCESADORES INTEL,https://centrale.cl/producto/procesador-intel-core-i9-14900f-lga1700-24-nucleos-5-8ghz-36mb/,IN STOCK
centrale,Centrale,Procesadores,PROCESADORES INTEL,https://centrale.cl/producto/procesador-intel-core-i7-14700f-core-2-1ghz-33mb-lga1700-14th-gen-no-graphic/,IN STOCK
centrale,Centrale,Procesadores,PROCESADORES INTEL,https://centrale.cl/producto/procesador-intel-core-ultra-5-245k-14-nucleos-4-2-ghz-lga-1851/,IN STOCK
alltec,Alltec,Procesadores,PROCESADORES INTEL,https://www.alltec.cl/intel/1214-6ghz-intel-i3-10100-43ghz-turbo-4c8t-6mb-cache-65w-lga1200-10ma-generacion.html,IN STOCK
alltec,Alltec,Procesadores,PROCESADORES INTEL,https://www.alltec.cl/intel/2176-7ghz-intel-i5-12600kf-49ghz-turbo-10c16t-20mb-cache-125w150w-lga1700-12th-generacion.html,IN STOCK
alltec,Alltec,Procesadores,PROCESADORES INTEL,https://www.alltec.cl/intel/1851-3ghz-intel-i3-12100f-43ghz-turbo-4c8t-12mb-cache-65w-lga1700-sin-video-12th-generacion.html,IN STOCK
alltec,Alltec,Procesadores,PROCESADORES INTEL,https://www.alltec.cl/intel/2022-5ghz-intel-i5-12400f-44ghz-turbo-6c12t-18mb-cache-65w117w-lga1700-12th-generacion.html,IN STOCK
alltec,Alltec,Procesadores,PROCESADORES INTEL,https://www.alltec.cl/intel/2421-4ghz-intel-core-ultra-5-235-50ghz-turbo-6c14t-24mb-cache-65w-lga1851.html,IN STOCK
alltec,Alltec,Procesadores,PROCESADORES INTEL,https://www.alltec.cl/intel/2178-2ghz-intel-i9-14900kf-60ghz-turbo-24c32t-36mb-cache-125w253w-lga1700-14th-generacion.html,IN STOCK
alltec,Alltec,Procesadores,PROCESADORES INTEL,https://www.alltec.cl/intel/2392-9ghz-intel-core-ultra-7-265kf-55ghz-turbo-20c28t-33mb-cache-125w-lga1851.html,IN STOCK
alltec,Alltec,Procesadores,PROCESADORES INTEL,https://www.alltec.cl/intel/2471-7ghz-intel-i5-12600k-49ghz-turbo-10c16t-20mb-cache-125w150w-lga1700-12th-generacion.html,IN STOCK
alltec,Alltec,Procesadores,PROCESADORES INTEL,https://www.alltec.cl/intel/1394-9ghz-intel-i5-10400f-43ghz-turbo-6c12t-12mb-cache-65w-lga1200-10ma-generacion.html,OUT STOCK
alltec,Alltec,Procesadores,PROCESADORES INTEL,https://www.alltec.cl/intel/1771-5ghz-intel-i9-11900kf-53ghz-turbo-8c16t-16mb-cache-125w-lga1200-11va-generacion.html,OUT STOCK
alltec,Alltec,Procesadores,PROCESADORES INTEL,https://www.alltec.cl/intel/1847-5ghz-intel-i5-12400-44ghz-turbo-6c12t-18mb-cache-65w-lga1700-12th-generacion.html,OUT STOCK
alltec,Alltec,Procesadores,PROCESADORES INTEL,https://www.alltec.cl/intel/1848-6ghz-intel-i7-11700kf-50ghz-turbo-8c16t-16mb-cache-125w-lga1200-11va-generacion.html,OUT STOCK
alltec,Alltec,Procesadores,PROCESADORES INTEL,https://www.alltec.cl/intel/1850-1ghz-intel-i7-12700f-49ghz-turbo-12c20t-25mb-cache-65w-lga1700-sin-video-12th-generacion.html,OUT STOCK
alltec,Alltec,Procesadores,PROCESADORES INTEL,https://www.alltec.cl/intel/1852-3ghz-intel-i3-12100-43ghz-turbo-4c8t-12mb-cache-65w-lga1700-12th-generacion.html,OUT STOCK
alltec,Alltec,Procesadores,PROCESADORES INTEL,https://www.alltec.cl/intel/1853-9ghz-intel-i5-11600k-49ghz-turbo-6c12t-12mb-cache-125w-lga1200-11th-generacion.html,OUT STOCK
alltec,Alltec,Procesadores,PROCESADORES INTEL,https://www.alltec.cl/intel/2177-5ghz-intel-i5-14400f-47ghz-turbo-10c16t-20mb-cache-65w-lga1700-14th-generacion.html,OUT STOCK
alltec,Alltec,Procesadores,PROCESADORES INTEL,https://www.alltec.cl/intel/2204-5ghz-intel-i3-14100f-47ghz-turbo-4c8t-12mb-cache-58w-lga1700-sin-video-14th-generacion.html,OUT STOCK
alltec,Alltec,Procesadores,PROCESADORES INTEL,https://www.alltec.cl/intel/2223-1ghz-intel-i7-12700-49ghz-turbo-12c20t-25mb-cache-65w-lga1700-intel-uhd-770-12th-generacion.html,OUT STOCK
alltec,Alltec,Procesadores,PROCESADORES INTEL,https://www.alltec.cl/intel/2224-6ghz-intel-i7-12700kf-50ghz-turbo-12c20t-25mb-cache-125w-lga1700-sin-video-12th-generacion.html,OUT STOCK
alltec,Alltec,Procesadores,PROCESADORES INTEL,https://www.alltec.cl/intel/2257-1ghz-intel-i7-14700f-54ghz-turbo-20c28t-33mb-cache-65w-lga1700-14th-generacion.html,OUT STOCK
alltec,Alltec,Procesadores,PROCESADORES INTEL,https://www.alltec.cl/intel/2390-1ghz-intel-i7-14700-54ghz-turbo-20c28t-33mb-cache-65w-lga1700-14th-generacion.html,OUT STOCK
alltec,Alltec,Procesadores,PROCESADORES INTEL,https://www.alltec.cl/intel/2391-4ghz-intel-i7-14700kf-56ghz-turbo-20c28t-33mb-cache-65w-lga1700-14th-generacion.html,OUT STOCK
alltec,Alltec,Procesadores,PROCESADORES INTEL,https://www.alltec.cl/intel/2470-35ghz-intel-i9-11900k-53ghz-turbo-8c16t-16mb-cache-125w-lga1200-11va-generacion.html,OUT STOCK
alltec,Alltec,Procesadores,PROCESADORES AMD,https://www.alltec.cl/amd/1939-amd-ryzen-3-3200g-36ghz-40ghz-turbo-quad-core-tdp-65w-am4-radeon-vega-8-730143313100.html,IN STOCK
alltec,Alltec,Procesadores,PROCESADORES AMD,https://www.alltec.cl/amd/1772-amd-ryzen-5-3500-mpk-36ghz-42ghz-turbo-six-core-tdp-65w-am4-8592978369668.html,IN STOCK
alltec,Alltec,Procesadores,PROCESADORES AMD,https://www.alltec.cl/amd/2194-amd-ryzen-3-5300g-40ghz-42ghz-turbo-quad-core-tdp-65w-am4.html,IN STOCK
alltec,Alltec,Procesadores,PROCESADORES AMD,https://www.alltec.cl/amd/2245-amd-ryzen-5-8400f-42ghz-47ghz-turbo-six-core-tdp-65w-am5.html,IN STOCK
alltec,Alltec,Procesadores,PROCESADORES AMD,https://www.alltec.cl/amd/1797-amd-ryzen-5-5500-36ghz-42ghz-turbo-six-core-tdp-65w-am4-730143314121.html,IN STOCK
alltec,Alltec,Procesadores,PROCESADORES AMD,https://www.alltec.cl/amd/2026-amd-ryzen-3-4100-mpk-38ghz-40ghz-turbo-quad-core-tdp-65w-am4-7123456789012.html,IN STOCK
alltec,Alltec,Procesadores,PROCESADORES AMD,https://www.alltec.cl/amd/2027-amd-ryzen-5-4500-mpk-36ghz-41ghz-turbo-six-core-tdp-65w-am4.html,IN STOCK
alltec,Alltec,Procesadores,PROCESADORES AMD,https://www.alltec.cl/amd/2199-amd-ryzen-5-8500g-35ghz-50ghz-turbo-six-core-tdp-65w-am5-amd-radeon-740m-graphics.html,IN STOCK
alltec,Alltec,Procesadores,PROCESADORES AMD,https://www.alltec.cl/amd/2200-amd-ryzen-5-8600g-43ghz-50ghz-turbo-six-core-tdp-65w-am5-amd-radeon-760m-graphics.html,IN STOCK
alltec,Alltec,Procesadores,PROCESADORES AMD,https://www.alltec.cl/amd/2268-amd-ryzen-5-9600x-39ghz-54ghz-turbo-six-core-tdp-65w-am5.html,IN STOCK
alltec,Alltec,Procesadores,PROCESADORES AMD,https://www.alltec.cl/amd/1881-amd-ryzen-7-7700x-45ghz-54ghz-turbo-octa-core-tdp-105w-am5-730143314428.html,IN STOCK
alltec,Alltec,Procesadores,PROCESADORES AMD,https://www.alltec.cl/amd/2420-amd-ryzen-5-9600-38ghz-52ghz-turbo-six-core-tdp-65w-am5.html,IN STOCK
alltec,Alltec,Procesadores,PROCESADORES AMD,https://www.alltec.cl/amd/2244-amd-ryzen-7-8700f-41ghz-50ghz-turbo-octa-core-tdp-65w-am5.html,IN STOCK
alltec,Alltec,Procesadores,PROCESADORES AMD,https://www.alltec.cl/amd/2269-amd-ryzen-7-9700x-38ghz-55ghz-turbo-octa-core-tdp-65w-am5.html,IN STOCK
alltec,Alltec,Procesadores,PROCESADORES AMD,https://www.alltec.cl/amd/2494-amd-ryzen-7-5700-37ghz-46ghz-turbo-octa-core-tdp-65w-am5.html,IN STOCK
alltec,Alltec,Procesadores,PROCESADORES AMD,https://www.alltec.cl/amd/2348-amd-ryzen-7-9800x3d-47ghz-52ghz-turbo-octa-core-tdp-120w-am5.html,IN STOCK
alltec,Alltec,Procesadores,PROCESADORES AMD,https://www.alltec.cl/amd/1655-amd-ryzen-7-5700g-38ghz-46ghz-turbo-octa-core-radeon-graphics-2000mhz-730143313377.html,IN STOCK
alltec,Alltec,Procesadores,PROCESADORES AMD,https://www.alltec.cl/amd/2339-amd-ryzen-5-5600xt-37ghz-47ghz-turbo-six-core-tdp-65w-am4.html,IN STOCK
alltec,Alltec,Procesadores,PROCESADORES AMD,https://www.alltec.cl/amd/2493-amd-ryzen-7-5800xt-38ghz-48ghz-turbo-octa-core-tdp-105w-am4.html,IN STOCK
alltec,Alltec,Procesadores,PROCESADORES AMD,https://www.alltec.cl/amd/2375-amd-ryzen-9-9900x3d-44ghz55ghz-turbo-twelve-core-tdp-120w-am5.html,IN STOCK
alltec,Alltec,Procesadores,PROCESADORES AMD,https://www.alltec.cl/amd/2458-amd-athlon-3000g-35ghz-dual-core-radeon-vega-3-tdp-35w-am4-box.html,IN STOCK
alltec,Alltec,Procesadores,PROCESADORES AMD,https://www.alltec.cl/amd/2030-amd-ryzen-7-7800x3d-42ghz-50ghz-turbo-octa-core-tdp-120w-am5.html,IN STOCK
alltec,Alltec,Procesadores,PROCESADORES AMD,https://www.alltec.cl/amd/2459-amd-ryzen-7-8700g-42ghz-51ghz-turbo-octa-core-tdp-65w-am5-amd-radeon-780m-graphics.html,IN STOCK
alltec,Alltec,Procesadores,PROCESADORES AMD,https://www.alltec.cl/amd/1880-amd-ryzen-5-7600x-47ghz-53ghz-turbo-six-core-tdp-105w-am5-730143314442.html,IN STOCK
alltec,Alltec,Procesadores,PROCESADORES AMD,https://www.alltec.cl/amd/1883-amd-ryzen-9-7950x-45ghz-57ghz-turbo-sixteen-core-tdp-170w-am5-730143314534.html,IN STOCK
alltec,Alltec,Procesadores,PROCESADORES AMD,https://www.alltec.cl/amd/2376-amd-ryzen-9-9950x3d-43ghz57ghz-turbo-sixteen-core-tdp-170w-am5.html,IN STOCK
alltec,Alltec,Procesadores,PROCESADORES AMD,https://www.alltec.cl/amd/2465-amd-ryzen-threadripper-9970x-40ghz-54ghz-turbo-thirty-two-core-tdp-350w-str5.html,IN STOCK
alltec,Alltec,Procesadores,PROCESADORES AMD,https://www.alltec.cl/amd/1794-amd-ryzen-7-5700x-34ghz-46ghz-turbo-octa-core-tdp-65w-am4-730143314275.html,OUT STOCK
alltec,Alltec,Procesadores,PROCESADORES AMD,https://www.alltec.cl/amd/2434-amd-ryzen-5-5500x3d-30ghz40ghz-turbo-96mb-3d-v-cache-six-core-tdp-105w-am4-730143316101.html,OUT STOCK
alltec,Alltec,Procesadores,PROCESADORES AMD,https://www.alltec.cl/amd/2457-amd-ryzen-5-3400g-37ghz-42ghz-turbo-quad-core-radeon-vega-11-tdp-65w-am4.html,OUT STOCK
alltec,Alltec,Procesadores,PROCESADORES AMD,https://www.alltec.cl/amd/2508-amd-ryzen-5-5600gt-36ghz-46ghz-turbo-six-core-tdp-65w-am4.html,OUT STOCK
,,,,,
,,,,,
,,,,,
,,,,,
,,,,,
,,,,,
,,,,,
,,,,,
,,,,,
,,,,,
,,,,,
,,,,,
,,,,,
,,,,,
,,,,,
,,,,,
,,,,,
,,,,,
,,,,,
,,,,,
,,,,,
,,,,,
,,,,,
,,,,,
,,,,,
,,,,,
,,,,,
,,,,,
,,,,,
,,,,,
,,,,,
,,,,,
,,,,,
,,,,,
,,,,,
,,,,,
,,,,,
,,,,,
,,,,,
,,,,,
,,,,,
,,,,,
,,,,,
,,,,,
,,,,,
,,,,,
,,,,,
,,,,,
,,,,,
,,,,,
,,,,,
,,,,,
,,,,,
,,,,,
,,,,,
,,,,,
,,,,,
,,,,,
,,,,,
,,,,,
,,,,,
,,,,,
,,,,,
,,,,,
,,,,,
,,,,,
,,,,,
,,,,,
,,,,,
,,,,,
,,,,,
,,,,,
,,,,,
,,,,,
,,,,,
,,,,,
,,,,,
,,,,,
,,,,,
,,,,,
,,,,,
,,,,,
,,,,,
,,,,,
,,,,,
,,,,,
,,,,,
,,,,,
,,,,,
,,,,,
,,,,,
,,,,,
,,,,,
,,,,,
,,,,,
,,,,,
,,,,,
,,,,,
,,,,,
,,,,,
,,,,,
,,,,,
,,,,,
,,,,,
,,,,,
,,,,,
,,,,,
,,,,,
,,,,,
,,,,,
,,,,,
,,,,,
,,,,,
,,,,,
,,,,,
,,,,,
,,,,,
,,,,,
,,,,,
,,,,,
,,,,,
,,,,,
,,,,,
,,,,,
,,,,,
,,,,,
,,,,,
,,,,,
,,,,,
,,,,,
,,,,,
,,,,,
,,,,,
,,,,,
,,,,,
,,,,,
,,,,,
,,,,,
,,,,,
,,,,,
,,,,,
,,,,,
,,,,,
,,,,,
,,,,,
,,,,,
,,,,,
,,,,,
,,,,,
,,,,,
,,,,,
,,,,,
,,,,,
,,,,,
,,,,,
,,,,,
,,,,,
,,,,,
,,,,,
,,,,,
,,,,,
,,,,,
,,,,,
,,,,,
,,,,,
,,,,,
,,,,,
,,,,,
,,,,,
